{
  "project_info": {
    "project_number": "800291765673",
    "project_id": "searchtermsanalyzer-2baca",
    "storage_bucket": "searchtermsanalyzer-2baca.appspot.com"
  },
  "client": [
    {
      "client_info": {
        "mobilesdk_app_id": "1:800291765673:android:aa280c909e6a56587818b8",
        "android_client_info": {
          "package_name": "webbi.ads.searchtermanalyzer"
        }
      },
      "oauth_client": [
        {
          "client_id": "800291765673-74j1rk37fpcefhmg52jh8efv9k3av2kt.apps.googleusercontent.com",
          "client_type": 1,
          "android_info": {
            "package_name": "webbi.ads.searchtermanalyzer",
            "certificate_hash": "05d6d9815279105120b5c41ee29952459f6a404a"
          }
        },
        {
          "client_id": "800291765673-7tp0t8vn3finn0govqc68eljjvjgbqj0.apps.googleusercontent.com",
          "client_type": 1,
          "android_info": {
            "package_name": "webbi.ads.searchtermanalyzer",
            "certificate_hash": "915c6101c72087725b529d1b77c3468da08f36eb"
          }
        },
        {
          "client_id": "800291765673-ei6ql8kim39ijgspf8007p7736v07nvi.apps.googleusercontent.com",
          "client_type": 1,
          "android_info": {
            "package_name": "webbi.ads.searchtermanalyzer",
            "certificate_hash": "53774f40b52f96ec7f5826383ecf668611565679"
          }
        },
        {
          "client_id": "800291765673-q9te9osb3rsdh29rtd93gv2nju1o56lp.apps.googleusercontent.com",
          "client_type": 1,
          "android_info": {
            "package_name": "webbi.ads.searchtermanalyzer",
            "certificate_hash": "28b06f368f3e4caf895e0bac0cbaa8aaf2ea18c4"
          }
        }
      ],
      "api_key": [
        {
          "current_key": "AIzaSyDF75Dll8AT4rhfKm7L4ZcDZEDwbKGlA1s"
        }
      ],
      "services": {
        "appinvite_service": {
          "other_platform_oauth_client": [
            {
              "client_id": "800291765673-5qphuag8b2ha5ef24tqgdekkse6349lq.apps.googleusercontent.com",
              "client_type": 3
            }
          ]
        }
      }
    }
  ],
  "configuration_version": "1"
}