{"web":{"client_id":"800291765673-o5g4h1ak2df3hnu3068j9pt6u65um2it.apps.googleusercontent.com","project_id":"searchtermsanalyzer-2baca","auth_uri":"https://accounts.google.com/o/oauth2/auth","token_uri":"https://oauth2.googleapis.com/token","auth_provider_x509_cert_url":"https://www.googleapis.com/oauth2/v1/certs","client_secret":"A2fKbGu5Gx6lTqJGMGXw9teO","redirect_uris":["http://localhost:8000","http://localhost","https://shopping-ads-dashboard.web.app","https://shopping-ads-dashboard.firebaseapp.com","https://googleadsshoppingdashboardmast.gatsbyjs.io"],"javascript_origins":["http://localhost:8000","http://localhost","https://shopping-ads-dashboard.web.app","https://shopping-ads-dashboard.firebaseapp.com","https://googleadsshoppingdashboardmast.gatsbyjs.io"]}}