{"web":{"client_id":"800291765673-f99a65en8l1m3gujq6np4n08bjsdnjs1.apps.googleusercontent.com","project_id":"searchtermsanalyzer-2baca","auth_uri":"https://accounts.google.com/o/oauth2/auth","token_uri":"https://oauth2.googleapis.com/token","auth_provider_x509_cert_url":"https://www.googleapis.com/oauth2/v1/certs","client_secret":"xGtDekL8GsEl3DqQs7Zbboag","redirect_uris":["https://searchtermsanalyzer-2baca.firebaseapp.com/__/auth/handler"],"javascript_origins":["http://localhost","http://localhost:5000","https://searchtermsanalyzer-2baca.firebaseapp.com"]}}