{
  "firestore": {
    "rules": "firestore.rules",
    "indexes": "firestore.indexes.json"
  },
  "functions": {
    "predeploy": [
      "npm --prefix \"$RESOURCE_DIR\" run lint",
      "npm --prefix \"$RESOURCE_DIR\" run build"
    ],
    "source": "functions"
  },
  "emulators": {
    "auth": {
      "port": 9099,
      "host": "0.0.0.0"
    },
    "functions": {
      "port": 5001,
      "host": "0.0.0.0"
    },
    "firestore": {
      "port": 8080,
      "host": "0.0.0.0"
    },
    "ui": {
      "enabled": true
    }
  }
}