{
    "operations": [
        {
            "create": {
                "status": "ENABLED",
                "ad_group": "customers/1430905854/adGroups/124068083891",
                "keyword": {
                    "match_type": "BROAD",
                    "text": "NEGATIVE Excellent Website Developer in Queenstown"
                },
                "negative": true
            }
        },
        {
            "create": {
                "status": "ENABLED",
                "ad_group": "customers/1430905854/adGroups/124068083891",
                "keyword": {
                    "match_type": "BROAD",
                    "text": "NEGATIVE Excellent Website Developer in Rotorua"
                },
                "negative": true
            }
        },
        {
            "create": {
                "status": "ENABLED",
                "ad_group": "customers/1430905854/adGroups/124068083891",
                "keyword": {
                    "match_type": "BROAD",
                    "text": "NEGATIVE Excellent Website Developer in Taupo"
                },
                "negative": true
            }
        }
    ]
}